INSERT INTO
    hotels (id, name, location, services, rooms_quantity, image_id)
VALUES
    (1, 'Cosmos Collection Altay', 'Республика Алтай, +точный адрес', '["Wi-Fi", "Парковка"]', 5, 1),
    (2, 'Skala', 'Адрес Skala', '["Wi-Fi"]', 23, 2),
    (3, 'Ару-Кёль', 'республика, район, улица, дом', '["Парковка"]', 30, 3),
    (4, 'Гостиница Сыктывкар', 'Коми, адрес', '["Тренажёрный зал"]', 10, 4),
    (5, 'Palace', 'Республика Коми, адрес', '["Кондиционер"]', 13, 5),
    (6, 'Bridge Resort', 'Поселок Сириус, улица, дом', '["Wi-Fi"]', 15, 6);

INSERT INTO
    rooms (id, hotel_id, name, price, quantity, services, image_id)
VALUES
    (1, 1, 'Улучшенный с террасой и видом на озеро', 24500, 5, '["Wi-Fi"]', 7),
    (2, 1, 'Делюкс Плюс', 24450, 4, '["Wi-Fi"]', 8),
    (3, 2, 'Номер на 2-х человек', 26500, 6, '[]', 9),
    (4, 2, 'Номер на 3-х человек', 29500, 2, '[]', 10),
    (5, 3, 'Полулюкс', 7500, 10, '[]', 11),
    (6, 3, '2-комнатный люкс комфорт', 8000, 3, '[]', 12),
    (7, 4, 'Стандпрт двухместный', 4300, 4, '[]', 13),
    (8, 4, 'Стандарт улучшенный ПЛЮС', 6500, 7, '[]', 14),
    (9, 5, 'Номер стандарт с 2 односпальными кроватями', 13500, 4, '[]', 15),
    (10, 5, 'Номер полулюкс премиум (с завтраком)', 15500, 4, '[]', 16),
    (11, 6, 'Стандарт (типовой корпус)', 26500, 4, '[]', 17);

INSERT INTO
    users (email, hashed_password)
VALUES
    ('fedor@moloko.ru', 'tut_budet_hashed_password_1'),
    ('sharik@moloko.ru', 'tut_budet_hashed_password_2');

INSERT INTO
    bookings (room_id, user_id, date_from, date_to, price)
VALUES
    (1, 1, '2023-06-15', '2023-06-30', 24500),
    (7, 2, '2023-06-25', '2023-07-10', 4300);
